Métrica,Media,Desviación Estándar
mae,295.253715,7.079540409972172
rmse,721.8063910344828,69.97925410920966
imae,2.4479114206896546,0.07153342888960956
irmse,3.306272667241379,0.13758953525419254
