Métrica,Media,Desviación Estándar
mae,1345.6082619,309.9705899207682
rmse,4031.648272,1189.6201769384443
imae,2.8556414309999996,1.3148557814257922
irmse,7.808906127000001,2.90899986799107
