Métrica,Media,Desviación Estándar
mae,1816.3411984,426.278428569092
rmse,4221.276405,1121.4469944430639
imae,2.646311063,0.531274151716842
irmse,7.160422411,2.116162512544586