Métrica,Media,Desviación Estándar
mae,1735.8122917,630.4545554804617
rmse,4114.396374,1581.2055229381265
imae,3.0725396399999996,0.8037815439590428
irmse,7.821578219,2.5028151578323543
