Métrica,Media,Desviación Estándar
mae,1677.0542341000003,479.2397595719695
rmse,3173.3040340000002,886.3403345358306
imae,3.1261238589999993,0.5029617061251581
irmse,8.215470928,3.2953047466596384
