Métrica,Media,Desviación Estándar
mae,2917.907800300001,1222.785040364324
rmse,4655.6678914,1614.1554648593542
imae,4.512795795,0.868343235525075
irmse,13.566192907999998,4.317057551205401
