Métrica,Media,Desviación Estándar
mae,24813.465317723345,3626.2617551419658
rmse,31134.142761527375,5415.061185733586
imae,28.394171509005766,3.7323275196304446
irmse,33.54329517975504,24.457543042538127
