Métrica,Media,Desviación Estándar
mae,506.8822642857143,40.198177788885374
rmse,1219.6036352040815,146.35057478916445
imae,1.3464605183673468,0.11437793328419328
irmse,1.724394498979592,0.138272722088785
