Métrica,Media,Desviación Estándar
mae,442.107011656051,105.04470996575475
rmse,1232.146218747346,299.87572487157024
imae,1.3641056612738853,0.25496348275323966
irmse,2.2533604481953287,0.6606179131124946
