Métrica,Media,Desviación Estándar
mae,585.0048539204546,31.125858678720256
rmse,1693.675775,168.60993092479373
imae,1.9142323522727274,0.07967836747767433
irmse,3.004673004545454,0.43852952003885387
